sku;marca;capacidade_btu;ciclo;familia_linha_refinada;edicao;voltagem;sku_canonico;n_pricetrack
FACST12F-02;AGRATTO;12000;FRIO;AGRATTO-FIT-TOP-12000-F;Fit Top;220V;FACST12F-02;1050
FACS18F;AGRATTO;18000;FRIO;AGRATTO-FIT-TOP-18000-F;Fit Top;220V;FACS18F;2082
LCST12F;AGRATTO;12000;FRIO;AGRATTO-LIV-TOP-12000-F;Liv Top;220V;LCST12F;7096
LCST12QF;AGRATTO;12000;QUENTE/FRIO;AGRATTO-LIV-TOP-12000-QF;Liv Top;220V;LCST12QF;2641
LCST18F-02I;AGRATTO;18000;FRIO;AGRATTO-LIV-TOP-18000-F;Liv Top;220V;LCST18F-02I;6762
LCST18QF;AGRATTO;18000;QUENTE/FRIO;AGRATTO-LIV-TOP-18000-QF;Liv Top;220V;LCST18QF;8571
LCST24F;AGRATTO;24000;FRIO;AGRATTO-LIV-TOP-24000-F;Liv Top;220V;LCST24F;6947
LCST24QF;AGRATTO;24000;QUENTE/FRIO;AGRATTO-LIV-TOP-24000-QF;Liv Top;220V;LCST24QF;3943
LCST9F;AGRATTO;9000;FRIO;AGRATTO-LIV-TOP-9000-F;Liv Top;220V;LCST9F;7417
LCST9QF;AGRATTO;9000;QUENTE/FRIO;AGRATTO-LIV-TOP-9000-QF;Liv Top;220V;LCST9QF;5527
ACST12F;AGRATTO;12000;FRIO;AGRATTO-ONE-TOP-12000-F;One Top;110V;ACST12F;1761
ACST12F-02;AGRATTO;12000;FRIO;AGRATTO-ONE-TOP-12000-F;One Top;220V;ACST12F-02;740
ACS30FIR4-02;AGRATTO;30000;FRIO;AGRATTO-ONE-TOP-30000-F;One Top;220V;ACS30FIR4-02;40
ACST9F;AGRATTO;9000;FRIO;AGRATTO-ONE-TOP-9000-F;One Top;220V;ACST9F;2074
UI12F;ELECTROLUX;12000;FRIO;ELECTROLUX-COLOR-ADAPT-12000-F;Color Adapt;220V;UI12F;3406
QI12F;ELECTROLUX;12000;FRIO;ELECTROLUX-COLOR-ADAPT-12000-F;Color Adapt;220V;UI12F;1305
JI18F/JE18F;ELECTROLUX;18000;FRIO;ELECTROLUX-COLOR-ADAPT-18000-F;Color Adapt;;UI18F;2862
UI18F;ELECTROLUX;18000;FRIO;ELECTROLUX-COLOR-ADAPT-18000-F;Color Adapt;220V;UI18F;5224
JI18R/JE18R;ELECTROLUX;18000;QUENTE/FRIO;ELECTROLUX-COLOR-ADAPT-18000-QF;Color Adapt;;JI18R/JE18R;1949
UI18R/UE18R;ELECTROLUX;18000;QUENTE/FRIO;ELECTROLUX-COLOR-ADAPT-18000-QF;Color Adapt;;JI18R/JE18R;1300
UI24R/UE24R;ELECTROLUX;23000;QUENTE/FRIO;ELECTROLUX-COLOR-ADAPT-23000-QF;Color Adapt;;UI24R/UE24R;722
JI24F/JE24F;ELECTROLUX;24000;FRIO;ELECTROLUX-COLOR-ADAPT-24000-F;Color Adapt;;UI24F;2481
UI24F;ELECTROLUX;24000;FRIO;ELECTROLUX-COLOR-ADAPT-24000-F;Color Adapt;220V;UI24F;2548
JI24R/JE24R;ELECTROLUX;24000;QUENTE/FRIO;ELECTROLUX-COLOR-ADAPT-24000-QF;Color Adapt;;JI24R/JE24R;1892
JI09F/JE09F;ELECTROLUX;9000;FRIO;ELECTROLUX-COLOR-ADAPT-9000-F;Color Adapt;;UI09F;2424
UI09F;ELECTROLUX;9000;FRIO;ELECTROLUX-COLOR-ADAPT-9000-F;Color Adapt;220V;UI09F;4317
JI09R/JE09R;ELECTROLUX;9000;QUENTE/FRIO;ELECTROLUX-COLOR-ADAPT-9000-QF;Color Adapt;;QI09R;1632
QI09R;ELECTROLUX;9000;QUENTE/FRIO;ELECTROLUX-COLOR-ADAPT-9000-QF;Color Adapt;220V;QI09R;2833
45HIFI12C2WA;ELGIN;12000;FRIO;ELGIN-ECO-DREAM-12000-F;Eco Dream;220V;45HIFI12C2WA;5118
HIFI24C2WA/HIFE24C2CA;ELGIN;24000;FRIO;ELGIN-ECO-DREAM-24000-F;Eco Dream;;HIFI24C2WA/HIFE24C2CA;766
45HIQI24C2WA;ELGIN;24000;QUENTE/FRIO;ELGIN-ECO-DREAM-24000-QF;Eco Dream;220V;45HIQI24C2WA;1170
45HJFI09C2WB;ELGIN;9000;FRIO;ELGIN-ECO-DREAM-9000-F;Eco Dream;110V;45HJFI09C2WB;3846
HJFI24C2WB;ELGIN;24000;FRIO;ELGIN-ECO-INVERTER-24000-F;Eco Inverter;220V;HJFI24C2WB;1249
HJFI12C2WB;ELGIN;12000;FRIO;ELGIN-ECO-INVERTER-II-12000-F;Eco Inverter II;220V;HJFI12C2WB;2934
HJQI12C2WC;ELGIN;12000;QUENTE/FRIO;ELGIN-ECO-INVERTER-II-12000-QF;Eco Inverter II;220V;HJQI12C2WC;388
45HJFI18C2WC;ELGIN;18000;FRIO;ELGIN-ECO-INVERTER-II-18000-F;Eco Inverter II;220V;45HJFI18C2WC;7814
45HJQI18C2WC;ELGIN;18000;QUENTE/FRIO;ELGIN-ECO-INVERTER-II-18000-QF;Eco Inverter II;220V;45HJQI18C2WC;3201
HJQI18C2WB;ELGIN;18000;QUENTE/FRIO;ELGIN-ECO-INVERTER-II-18000-QF;Eco Inverter II;220V;45HJQI18C2WC;2222
HJFI24C2WC;ELGIN;24000;FRIO;ELGIN-ECO-INVERTER-II-24000-F;Eco Inverter II;220V;HJFI24C2WC;5383
HJQI24C2WB;ELGIN;24000;QUENTE/FRIO;ELGIN-ECO-INVERTER-II-24000-QF;Eco Inverter II;220V;HJQI24C2WC;1514
HJQI24C2WC;ELGIN;24000;QUENTE/FRIO;ELGIN-ECO-INVERTER-II-24000-QF;Eco Inverter II;220V;HJQI24C2WC;8816
HJFI09C2WC;ELGIN;9000;FRIO;ELGIN-ECO-INVERTER-II-9000-F;Eco Inverter II;220V;HJFI09C2WC;6264
HJQI09C2WB;ELGIN;9000;QUENTE/FRIO;ELGIN-ECO-INVERTER-II-9000-QF;Eco Inverter II;110V;HJQI09C2WB;432
HJQI09C2WC;ELGIN;9000;QUENTE/FRIO;ELGIN-ECO-INVERTER-II-9000-QF;Eco Inverter II;220V;HJQI09C2WC;3426
HJFI12C2IA;ELGIN;12000;FRIO;ELGIN-ECO-INVERTER-III-12000-F;Eco Inverter III;220V;HJFI12C2WD;1206
HJFI12C2WC;ELGIN;12000;FRIO;ELGIN-ECO-INVERTER-III-12000-F;Eco Inverter III;220V;HJFI12C2WD;3950
HJFI12C2WD;ELGIN;12000;FRIO;ELGIN-ECO-INVERTER-III-12000-F;Eco Inverter III;220V;HJFI12C2WD;5205
HJQI12C2IA;ELGIN;12000;QUENTE/FRIO;ELGIN-ECO-INVERTER-III-12000-QF;Eco Inverter III;220V;HJQI12C2IA;1041
HJQI12C2WD;ELGIN;12000;QUENTE/FRIO;;;220V;HJQI12C2WD;764
HVFI09B2IB/HVFE09B2NB;ELGIN;9000;FRIO;;;220V;HVFI09B2IB/HVFE09B2NB;768
GWC24ATD-D6DNA2A;GREE;24000;FRIO;GREE-G-CLIMA-24000-F;G-Clima;;GWC24ATD-D6DNA2A;1129
GWC27ATE-D6DNA2A;GREE;27000;FRIO;GREE-G-CLIMA-27000-F;G-Clima;220V;GWC27ATE-D6DNA2A;1183
GWC09ATA-D6DNA2C;GREE;9000;FRIO;GREE-G-CLIMA-9000-F;G-Clima;220V;GWC09ATA-D6DNA2C;2196
GWC12ACC-D6DNA1A;GREE;12000;FRIO;GREE-G-DIAMOND-12000-F;G-Diamond;220V;GWC12ACC-D6DNA1A;3791
GWC18ACD-D3DNA1B;GREE;18000;FRIO;GREE-G-DIAMOND-18000-F;G-Diamond;;GWC18ACD-D3DNA1B;132
GWH18ACD;GREE;18000;QUENTE/FRIO;GREE-G-DIAMOND-18000-QF;G-Diamond;;GWH18ACD;990
GWC12ATC-D6DNA1A;GREE;12000;FRIO;GREE-G-TOP-AUTO-12000-F;G-Top Auto;220V;GWC12ATC-D6DNA1A;4339
GWH12AGC;GREE;12000;QUENTE/FRIO;GREE-G-TOP-AUTO-12000-QF;G-Top Auto;;GWH12ATC;1304
GWH12ATC;GREE;12000;QUENTE/FRIO;GREE-G-TOP-AUTO-12000-QF;G-Top Auto;220V;GWH12ATC;4988
GWC18AGD;GREE;18000;FRIO;GREE-G-TOP-AUTO-18000-F;G-Top Auto;;GWC18ATD;494
GWC18ATD;GREE;18000;FRIO;GREE-G-TOP-AUTO-18000-F;G-Top Auto;220V;GWC18ATD;10173
GWH18AGD;GREE;18000;QUENTE/FRIO;GREE-G-TOP-AUTO-18000-QF;G-Top Auto;220V;GWH18ATD;722
GWH18ATD;GREE;18000;QUENTE/FRIO;GREE-G-TOP-AUTO-18000-QF;G-Top Auto;220V;GWH18ATD;7833
GWH24AGE;GREE;22000;QUENTE/FRIO;GREE-G-TOP-AUTO-22000-QF;G-Top Auto;220V;GWH24AGE;1729
GWC24ATE;GREE;24000;FRIO;GREE-G-TOP-AUTO-24000-F;G-Top Auto;220V;GWC24ATE;4515
GWH24ATE;GREE;24000;QUENTE/FRIO;GREE-G-TOP-AUTO-24000-QF;G-Top Auto;220V;GWH24ATE;5725
GWC30ATE;GREE;30000;FRIO;GREE-G-TOP-AUTO-30000-F;G-Top Auto;220V;GWC30ATE;4113
GWH30AGE;GREE;30000;QUENTE/FRIO;GREE-G-TOP-AUTO-30000-QF;G-Top Auto;220V;GWH30ATEXF-S6DNA1A;694
GWH30ATEXF-S6DNA1A;GREE;30000;QUENTE/FRIO;GREE-G-TOP-AUTO-30000-QF;G-Top Auto;220V;GWH30ATEXF-S6DNA1A;1125
GWC09AGA;GREE;9000;FRIO;GREE-G-TOP-AUTO-9000-F;G-Top Auto;220V;GWC09ATB-D6DNA1A;2550
GWC09ATB-D6DNA1A;GREE;9000;FRIO;GREE-G-TOP-AUTO-9000-F;G-Top Auto;220V;GWC09ATB-D6DNA1A;6367
GWH09ATA;GREE;9000;QUENTE/FRIO;GREE-G-TOP-AUTO-9000-QF;G-Top Auto;110V;GWH09ATA;416
GWH09ATB-D6DNA1A;GREE;9000;QUENTE/FRIO;GREE-G-TOP-AUTO-9000-QF;G-Top Auto;220V;GWH09ATB-D6DNA1A;4394
GWC12ATBXA-D6DNA1A;GREE;12000;FRIO;;;220V;GWC12ATBXA-D6DNA1A;542
GWC12QC-D3NNB4A;GREE;12000;QUENTE/FRIO;;;;GWC12QC-D3NNB4A;107
AS-18TW2RMATT02E;HISENSE;18000;FRIO;;;220V;AS-18TW2RMATT02E;301
S3-W121L1C0;LG;12000;QUENTE/FRIO;LG-DUAL-INVERTER-12000-QF;Dual Inverter;220V;S3-W121L1C0;507
S4-Q12JA315;LG;12000;FRIO;LG-DUAL-INVERTER-AI-VOICE-12000-F;Dual Inverter AI Voice;220V;S3-Q12JA31K;4876
S4-Q12JA31C;LG;12000;FRIO;LG-DUAL-INVERTER-AI-VOICE-12000-F;Dual Inverter AI Voice;220V;S3-Q12JA31K;91
S3-Q12JA31E;LG;12000;FRIO;LG-DUAL-INVERTER-AI-VOICE-12000-F;Dual Inverter AI Voice;220V;S3-Q12JA31K;2896
S3-Q12JA31K;LG;12000;FRIO;LG-DUAL-INVERTER-AI-VOICE-12000-F;Dual Inverter AI Voice;220V;S3-Q12JA31K;6744
S3-W12JA31A;LG;12000;QUENTE/FRIO;LG-DUAL-INVERTER-AI-VOICE-12000-QF;Dual Inverter AI Voice;220V;S3-W12JA31A;10620
S3-Q18KL33B;LG;18000;FRIO;LG-DUAL-INVERTER-AI-VOICE-18000-F;Dual Inverter AI Voice;220V;S4-Q18KL31B;2030
S4-Q18KL31B;LG;18000;FRIO;LG-DUAL-INVERTER-AI-VOICE-18000-F;Dual Inverter AI Voice;220V;S4-Q18KL31B;3905
S3-W18KL31A;LG;18000;QUENTE/FRIO;LG-DUAL-INVERTER-AI-VOICE-18000-QF;Dual Inverter AI Voice;220V;S3-W18KL31A;7277
S4-W18KL31A;LG;18000;QUENTE/FRIO;LG-DUAL-INVERTER-AI-VOICE-18000-QF;Dual Inverter AI Voice;220V;S3-W18KL31A;1907
S4-Q24K231E;LG;24000;FRIO;LG-DUAL-INVERTER-AI-VOICE-24000-F;Dual Inverter AI Voice;220V;S4-Q24K231E;1857
S4-W24K231D;LG;24000;QUENTE/FRIO;LG-DUAL-INVERTER-AI-VOICE-24000-QF;Dual Inverter AI Voice;220V;S4-W24K231D;1551
S4-W30L43FA;LG;30000;QUENTE/FRIO;LG-DUAL-INVERTER-AI-VOICE-30000-QF;Dual Inverter AI Voice;220V;S4-W30L43FA;7407
S3-Q09JA31E;LG;9000;FRIO;LG-DUAL-INVERTER-AI-VOICE-9000-F;Dual Inverter AI Voice;220V;S3-Q09AA31A;5257
S3-Q09AA31F;LG;9000;FRIO;LG-DUAL-INVERTER-AI-VOICE-9000-F;Dual Inverter AI Voice;220V;S3-Q09AA31A;264
S4-Q09AA31B;LG;9000;FRIO;LG-DUAL-INVERTER-AI-VOICE-9000-F;Dual Inverter AI Voice;;S3-Q09AA31A;4243
S3-Q09AA31A;LG;9000;FRIO;LG-DUAL-INVERTER-AI-VOICE-9000-F;Dual Inverter AI Voice;220V;S3-Q09AA31A;9224
S3-Q09AA31C;LG;9000;FRIO;LG-DUAL-INVERTER-AI-VOICE-9000-F;Dual Inverter AI Voice;220V;S3-Q09AA31A;3286
S3-Q09AA33A;LG;9000;FRIO;LG-DUAL-INVERTER-AI-VOICE-9000-F;Dual Inverter AI Voice;220V;S3-Q09AA31A;1527
S3-W09AA31C;LG;9000;QUENTE/FRIO;LG-DUAL-INVERTER-AI-VOICE-9000-QF;Dual Inverter AI Voice;220V;S3-W09AA31C;6390
S3-W12JAR7A;LG;12000;QUENTE/FRIO;LG-DUAL-INVERTER-ARTCOOL-12000-QF;Dual Inverter ARTCOOL;220V;S3-W12JAR7A;7638
S3-Q18KLR1B;LG;18000;QUENTE/FRIO;LG-DUAL-INVERTER-ARTCOOL-18000-QF;Dual Inverter ARTCOOL;220V;S3-W18KLR7A;2014
S3-W18KLR7A;LG;18000;QUENTE/FRIO;LG-DUAL-INVERTER-ARTCOOL-18000-QF;Dual Inverter ARTCOOL;220V;S3-W18KLR7A;6152
S4-W18KLRXC;LG;18000;QUENTE/FRIO;LG-DUAL-INVERTER-ARTCOOL-18000-QF;Dual Inverter ARTCOOL;220V;S3-W18KLR7A;2940
S3-W24K2R7A;LG;24000;QUENTE/FRIO;LG-DUAL-INVERTER-ARTCOOL-24000-QF;Dual Inverter ARTCOOL;220V;S3-W24K2R7A;5883
S4-W24K2RXD;LG;24000;QUENTE/FRIO;LG-DUAL-INVERTER-ARTCOOL-24000-QF;Dual Inverter ARTCOOL;220V;S3-W24K2R7A;994
S3-Q12JA31B;LG;12000;FRIO;LG-DUAL-INVERTER-COMPACT-AI-12000-F;Dual Inverter Compact +AI;110V;S3-Q12JA31B;4960
S3-Q12JA31L;LG;12000;FRIO;LG-DUAL-INVERTER-COMPACT-AI-12000-F;Dual Inverter Compact +AI;220V;S3-Q12JAQAL;412
S3-Q12JAQAL;LG;12000;FRIO;LG-DUAL-INVERTER-COMPACT-AI-12000-F;Dual Inverter Compact +AI;220V;S3-Q12JAQAL;6826
S4-Q12JA3A5;LG;12000;FRIO;LG-DUAL-INVERTER-COMPACT-AI-12000-F;Dual Inverter Compact +AI;220V;S3-Q12JAQAL;325
S4-Q12JA3AD;LG;12000;FRIO;LG-DUAL-INVERTER-COMPACT-AI-12000-F;Dual Inverter Compact +AI;220V;S3-Q12JAQAL;4137
S3-W12JAQAL;LG;12000;QUENTE/FRIO;LG-DUAL-INVERTER-COMPACT-AI-12000-QF;Dual Inverter Compact +AI;220V;S3-W12JAQAL;1904
S3-Q18KL31B;LG;18000;FRIO;LG-DUAL-INVERTER-COMPACT-AI-18000-F;Dual Inverter Compact +AI;220V;S3-Q18KLQAL;7521
S3-Q18KLQAL;LG;18000;FRIO;LG-DUAL-INVERTER-COMPACT-AI-18000-F;Dual Inverter Compact +AI;220V;S3-Q18KLQAL;9158
S3-W18KLQAL;LG;18000;QUENTE/FRIO;LG-DUAL-INVERTER-COMPACT-AI-18000-QF;Dual Inverter Compact +AI;;S3-W18KLQAL;3153
S3-Q24K231B;LG;24000;FRIO;LG-DUAL-INVERTER-COMPACT-AI-24000-F;Dual Inverter Compact +AI;220V;S3-Q24K231B;8568
S3-W24K231A;LG;24000;QUENTE/FRIO;LG-DUAL-INVERTER-COMPACT-AI-24000-QF;Dual Inverter Compact +AI;220V;S3-W24K231A;5441
S3-Q09AAQAK;LG;9000;FRIO;LG-DUAL-INVERTER-COMPACT-AI-9000-F;Dual Inverter Compact +AI;220V;S3-Q09AAQAK;4344
S4-Q09WA5AA;LG;9000;FRIO;LG-DUAL-INVERTER-COMPACT-AI-9000-F;Dual Inverter Compact +AI;220V;S3-Q09AAQAK;1355
S3-Q09AAQAL;LG;9000;FRIO;LG-DUAL-INVERTER-COMPACT-AI-9000-F;Dual Inverter Compact +AI;220V;S3-Q09AAQAK;3225
S3-W09AAQAL;LG;9000;QUENTE/FRIO;LG-DUAL-INVERTER-COMPACT-AI-9000-QF;Dual Inverter Compact +AI;220V;S3-W09AAQAL;733
42AFFCI12S5;MIDEA;12000;FRIO;MIDEA-AI-AIRVOLUTION-12000-F;AI Airvolution;220V;42AFVCI12S5;6004
42AFVCI12S5;MIDEA;12000;FRIO;MIDEA-AI-AIRVOLUTION-12000-F;AI Airvolution;220V;42AFVCI12S5;8380
42EFVCA12M5;MIDEA;12000;FRIO;MIDEA-AI-AIRVOLUTION-12000-F;AI Airvolution;220V;42AFVCI12S5;4756
42EFVQA12M5;MIDEA;12000;QUENTE/FRIO;MIDEA-AI-AIRVOLUTION-12000-QF;AI Airvolution;220V;42EFVQA12M5;997
42AFFCI18S5;MIDEA;18000;FRIO;MIDEA-AI-AIRVOLUTION-18000-F;AI Airvolution;220V;42AFVCI18S5;4465
42AFVCI18S5;MIDEA;18000;FRIO;MIDEA-AI-AIRVOLUTION-18000-F;AI Airvolution;220V;42AFVCI18S5;6798
42EFVCA18M5;MIDEA;18000;FRIO;MIDEA-AI-AIRVOLUTION-18000-F;AI Airvolution;220V;42AFVCI18S5;5145
42AFFCI22S5;MIDEA;22000;FRIO;MIDEA-AI-AIRVOLUTION-22000-F;AI Airvolution;220V;42AFVCI22S5;8639
42AFVCI22S5;MIDEA;22000;FRIO;MIDEA-AI-AIRVOLUTION-22000-F;AI Airvolution;220V;42AFVCI22S5;13653
42EFVCA22M5;MIDEA;22000;FRIO;MIDEA-AI-AIRVOLUTION-22000-F;AI Airvolution;220V;42AFVCI22S5;2982
42AGFCI30S5;MIDEA;30000;FRIO;MIDEA-AI-AIRVOLUTION-30000-F;AI Airvolution;220V;42AGFCI30S5;2350
42AFFCI09S5;MIDEA;9000;FRIO;MIDEA-AI-AIRVOLUTION-9000-F;AI Airvolution;220V;42EFVCA09M5;3196
42EFVCA09M5;MIDEA;9000;FRIO;MIDEA-AI-AIRVOLUTION-9000-F;AI Airvolution;220V;42EFVCA09M5;4247
42AFVQI12S5;MIDEA;12000;QUENTE/FRIO;MIDEA-AI-AIRVOLUTION-CONNECT-12000-QF;AI Airvolution Connect;220V;42AFVQI12S5;2317
42AFVCI09S5;MIDEA;9000;FRIO;MIDEA-AI-AIRVOLUTION-CONNECT-9000-F;AI Airvolution Connect;220V;42AFVCI09S5;9879
38EZVCA12M5;MIDEA;12000;FRIO;MIDEA-AI-ECOMASTER-12000-F;AI Ecomaster;220V;42EZVCA12M5;837
42EFVCA12M8;MIDEA;12000;FRIO;MIDEA-AI-ECOMASTER-12000-F;AI Ecomaster;110V;42EFVCA12M8;446
42EZVCA12M5;MIDEA;12000;FRIO;MIDEA-AI-ECOMASTER-12000-F;AI Ecomaster;220V;42EZVCA12M5;13011
38EZVQA12M5;MIDEA;12000;QUENTE/FRIO;MIDEA-AI-ECOMASTER-12000-QF;AI Ecomaster;220V;42EZVQA12M5;771
42EZVQA12M5;MIDEA;12000;QUENTE/FRIO;MIDEA-AI-ECOMASTER-12000-QF;AI Ecomaster;220V;42EZVQA12M5;6840
38EZVCA18M5;MIDEA;18000;FRIO;MIDEA-AI-ECOMASTER-18000-F;AI Ecomaster;220V;42EZVCA18M5;282
42EZVCA18M5;MIDEA;18000;FRIO;MIDEA-AI-ECOMASTER-18000-F;AI Ecomaster;220V;42EZVCA18M5;12512
42EZVQA18M5;MIDEA;18000;QUENTE/FRIO;MIDEA-AI-ECOMASTER-18000-QF;AI Ecomaster;220V;42EZVQA18M5;10367
38EZVCA24M5;MIDEA;24000;FRIO;MIDEA-AI-ECOMASTER-24000-F;AI Ecomaster;220V;42EZVCA24M5;162
42EZVCA24M5;MIDEA;24000;FRIO;MIDEA-AI-ECOMASTER-24000-F;AI Ecomaster;220V;42EZVCA24M5;10312
42EZVQA24M5;MIDEA;24000;QUENTE/FRIO;MIDEA-AI-ECOMASTER-24000-QF;AI Ecomaster;220V;42EZVQA24M5;8205
38EZVCA09M5;MIDEA;9000;FRIO;MIDEA-AI-ECOMASTER-9000-F;AI Ecomaster;220V;42EZVCA09M5;764
42EFVCA09M8;MIDEA;9000;FRIO;MIDEA-AI-ECOMASTER-9000-F;AI Ecomaster;110V;42EFVCA09M8;873
42EZVCA09M5;MIDEA;9000;FRIO;MIDEA-AI-ECOMASTER-9000-F;AI Ecomaster;220V;42EZVCA09M5;12968
38EZVQA09M5;MIDEA;9000;QUENTE/FRIO;MIDEA-AI-ECOMASTER-9000-QF;AI Ecomaster;220V;42EZVQA09M5;381
42EZVQA09M5;MIDEA;9000;QUENTE/FRIO;MIDEA-AI-ECOMASTER-9000-QF;AI Ecomaster;220V;42EZVQA09M5;10536
38TBVCA12M5;MIDEA;12000;FRIO;MIDEA-AIRVOLUTION-LITE-12000-F;Airvolution Lite;220V;42EBVCA12M5;355
42EBVCA12M5;MIDEA;12000;FRIO;MIDEA-AIRVOLUTION-LITE-12000-F;Airvolution Lite;220V;42EBVCA12M5;3119
42EBVCA18M5;MIDEA;18000;FRIO;MIDEA-AIRVOLUTION-LITE-18000-F;Airvolution Lite;220V;42EBVCA18M5;3282
42EBVCA22M5;MIDEA;22000;FRIO;MIDEA-AIRVOLUTION-LITE-22000-F;Airvolution Lite;220V;42EBVCA22M5;3063
38TBVCA09M5;MIDEA;9000;FRIO;MIDEA-AIRVOLUTION-LITE-9000-F;Airvolution Lite;220V;42EBVCA09M5;602
42EBVCA09M5;MIDEA;9000;FRIO;MIDEA-AIRVOLUTION-LITE-9000-F;Airvolution Lite;220V;42EBVCA09M5;3261
42AGVCJ12M5;MIDEA;12000;FRIO;MIDEA-XTREME-SAVE-12000-F;Xtreme Save;220V;42AGVCJ12M5;2696
42AGVCI12M5;MIDEA;12000;FRIO;MIDEA-XTREME-SAVE-CONNECT-12000-F;Xtreme Save Connect;220V;42AGVCI12M5;690
42AGVQI12M5;MIDEA;12000;QUENTE/FRIO;MIDEA-XTREME-SAVE-CONNECT-12000-QF;Xtreme Save Connect;220V;42AGVQI12M5;2195
42AGVCI18M5;MIDEA;18000;FRIO;MIDEA-XTREME-SAVE-CONNECT-18000-F;Xtreme Save Connect;220V;42AGVCI18M5;2558
42AGVQI18M5;MIDEA;18000;QUENTE/FRIO;MIDEA-XTREME-SAVE-CONNECT-18000-QF;Xtreme Save Connect;220V;42AGVQI18M5;3124
42AGVCI24M5;MIDEA;24000;FRIO;MIDEA-XTREME-SAVE-CONNECT-24000-F;Xtreme Save Connect;220V;42AGVCI24M5;834
42AGVQI24M5;MIDEA;24000;QUENTE/FRIO;MIDEA-XTREME-SAVE-CONNECT-24000-QF;Xtreme Save Connect;220V;42AGVQI24M5;2073
42AGVCC30M5;MIDEA;30000;FRIO;MIDEA-XTREME-SAVE-CONNECT-30000-F;Xtreme Save Connect;220V;42AGVCC30M5;4375
42AGVQC30M5;MIDEA;30000;QUENTE/FRIO;MIDEA-XTREME-SAVE-CONNECT-30000-QF;Xtreme Save Connect;220V;42AGVQC30M5;2309
42AGVQI09M5;MIDEA;9000;QUENTE/FRIO;MIDEA-XTREME-SAVE-CONNECT-9000-QF;Xtreme Save Connect;220V;42AGVQI09M5;1029
42MGVQI12M5;MIDEA;12000;QUENTE/FRIO;MIDEA-XTREME-SAVE-CONNECT-BLACK-EDITION-12000-QF;Xtreme Save Connect Black Edition;220V;42MGVQI12M5;5867
42MGVQI18M5;MIDEA;18000;QUENTE/FRIO;MIDEA-XTREME-SAVE-CONNECT-BLACK-EDITION-18000-QF;Xtreme Save Connect Black Edition;220V;42MGVQI18M5;8613
42MGVQI24M5;MIDEA;24000;QUENTE/FRIO;MIDEA-XTREME-SAVE-CONNECT-BLACK-EDITION-24000-QF;Xtreme Save Connect Black Edition;220V;42MGVQI24M5;5200
42BQA060510HC;MIDEA;60000;FRIO;;;;42BQA060510HC;114
42ZQVF60M5C;MIDEA;60000;FRIO;;;220V;42ZQVF60M5C;735
38CCVF60515MC;MIDEA;60000;FRIO;;;220V;38CCVF60515MC;228
38CCVF60515MM;MIDEA;60000;FRIO;;;220V;38CCVF60515MM;530
38TVCF18515MC;MIDEA;18000;FRIO;;;220V;38TVCF18515MC;249
PAC12000IFM15;PHILCO;12000;FRIO;PHILCO-ECO-INVERTER-12000-F;Eco Inverter;220V;PAC12FB;2824
PAC12FC;PHILCO;12000;FRIO;PHILCO-ECO-INVERTER-12000-F;Eco Inverter;220V;PAC12FB;774
PAC12FI;PHILCO;12000;FRIO;PHILCO-ECO-INVERTER-12000-F;Eco Inverter;220V;PAC12FB;4589
PAC12FB;PHILCO;12000;FRIO;PHILCO-ECO-INVERTER-12000-F;Eco Inverter;220V;PAC12FB;9929
PAC12QC;PHILCO;12000;QUENTE/FRIO;PHILCO-ECO-INVERTER-12000-QF;Eco Inverter;220V;PAC12QC;5864
PAC12000IQFM15;PHILCO;12000;QUENTE/FRIO;PHILCO-ECO-INVERTER-12000-QF;Eco Inverter;220V;PAC12QC;3273
PAC18000IFM15;PHILCO;18000;FRIO;PHILCO-ECO-INVERTER-18000-F;Eco Inverter;220V;PAC18000IFM15;5148
PAC18FC;PHILCO;18000;FRIO;PHILCO-ECO-INVERTER-18000-F;Eco Inverter;220V;PAC18000IFM15;245
PAC18QA;PHILCO;18000;QUENTE/FRIO;PHILCO-ECO-INVERTER-18000-QF;Eco Inverter;220V;PAC18QA;4140
PAC18QI;PHILCO;18000;QUENTE/FRIO;PHILCO-ECO-INVERTER-18000-QF;Eco Inverter;220V;PAC18QA;3188
PAC24000IFM15;PHILCO;24000;FRIO;PHILCO-ECO-INVERTER-24000-F;Eco Inverter;220V;PAC24000IFM15;6451
PAC9000IFM15;PHILCO;9000;FRIO;PHILCO-ECO-INVERTER-9000-F;Eco Inverter;220V;PAC9FB;1564
PAC9000ITFM9W;PHILCO;9000;FRIO;PHILCO-ECO-INVERTER-9000-F;Eco Inverter;220V;PAC9FB;336
PAC9000TFM9;PHILCO;9000;FRIO;PHILCO-ECO-INVERTER-9000-F;Eco Inverter;220V;PAC9FB;4253
PAC9FB;PHILCO;9000;FRIO;PHILCO-ECO-INVERTER-9000-F;Eco Inverter;220V;PAC9FB;9180
PAC9FC;PHILCO;9000;FRIO;PHILCO-ECO-INVERTER-9000-F;Eco Inverter;220V;PAC9FB;5815
PAC9FI;PHILCO;9000;FRIO;PHILCO-ECO-INVERTER-9000-F;Eco Inverter;220V;PAC9FB;4338
PAC9000IQFM15E;PHILCO;9000;QUENTE/FRIO;PHILCO-ECO-INVERTER-9000-QF;Eco Inverter;220V;PAC9000IQFM15E;1483
PAC9000TQFM12;PHILCO;9000;QUENTE/FRIO;PHILCO-ECO-INVERTER-9000-QF;Eco Inverter;220V;PAC9000IQFM15E;394
AR12CVHZAWKN/AZ;SAMSUNG;12000;FRIO;SAMSUNG-DIGITAL-INVERTER-ULTRA-12000-F;Digital Inverter Ultra;220V;AR12CVHZAWKN/AZ;1964
AR24BVHZCWKN/AZ;SAMSUNG;22000;FRIO;SAMSUNG-DIGITAL-INVERTER-ULTRA-22000-F;Digital Inverter Ultra;220V;AR24BVHZCWKN/AZ;1215
AR09DYFZAWK/AZ;SAMSUNG;9000;FRIO;SAMSUNG-DIGITAL-INVERTER-ULTRA-9000-F;Digital Inverter Ultra;220V;AR09DYFZAWK/AZ;1086
AR12DYFAAWK/AZ;SAMSUNG;12000;FRIO;SAMSUNG-WINDFREE-AI-12000-F;WindFree AI;220V;AR12DYFAAWK/AZ;6504
AR12DYFAVWKNAZ;SAMSUNG;12000;FRIO;SAMSUNG-WINDFREE-AI-12000-F;WindFree AI;BI;AR12DYFAVWKNAZ;1188
F-AR12DYFABWK;SAMSUNG;12000;FRIO;SAMSUNG-WINDFREE-AI-12000-F;WindFree AI;220V;AR12DYFAAWK/AZ;1503
AR12BSEAAWK/AZ;SAMSUNG;12000;QUENTE/FRIO;SAMSUNG-WINDFREE-AI-12000-QF;WindFree AI;220V;AR12BSEAAWK/AZ;217
AR18CVFAAWK/AZ;SAMSUNG;18000;FRIO;SAMSUNG-WINDFREE-AI-18000-F;WindFree AI;220V;AR18DYFAAWK/AZ;4430
AR18DYFAAWK/AZ;SAMSUNG;18000;FRIO;SAMSUNG-WINDFREE-AI-18000-F;WindFree AI;220V;AR18DYFAAWK/AZ;4983
AR60F18D1AWNAZ;SAMSUNG;18000;FRIO;SAMSUNG-WINDFREE-AI-18000-F;WindFree AI;220V;AR18DYFAAWK/AZ;214
F-AR60F18D1AW;SAMSUNG;18000;FRIO;SAMSUNG-WINDFREE-AI-18000-F;WindFree AI;;AR18DYFAAWK/AZ;2427
F-AR18DXFAAWK;SAMSUNG;18000;QUENTE/FRIO;SAMSUNG-WINDFREE-AI-18000-QF;WindFree AI;220V;F-AR18DXFAAWK;2386
AR24DYFABWKNAZ;SAMSUNG;24000;FRIO;SAMSUNG-WINDFREE-AI-24000-F;WindFree AI;220V;AR24DYFABWKNAZ;2943
AR60F24D1AWN/AZ;SAMSUNG;24000;FRIO;SAMSUNG-WINDFREE-AI-24000-F;WindFree AI;220V;AR24DYFABWKNAZ;92
AR24TSHCBWKN/AZ;SAMSUNG;24000;QUENTE/FRIO;SAMSUNG-WINDFREE-AI-24000-QF;WindFree AI;220V;F-AR24DXFAAWK;83
F-AR24DXFAAWK;SAMSUNG;24000;QUENTE/FRIO;SAMSUNG-WINDFREE-AI-24000-QF;WindFree AI;220V;F-AR24DXFAAWK;2171
AR09DYFAAWKNAZ;SAMSUNG;9000;FRIO;SAMSUNG-WINDFREE-AI-9000-F;WindFree AI;220V;AR09DYFAAWKNAZ;2846
AR12CSECABT/AZ;SAMSUNG;12000;QUENTE/FRIO;SAMSUNG-WINDFREE-AI-BLACK-12000-QF;WindFree AI Black;220V;AR12CSECABT/AZ;1724
AR18CSECABT/AZ;SAMSUNG;18000;QUENTE/FRIO;SAMSUNG-WINDFREE-AI-BLACK-18000-QF;WindFree AI Black;220V;AR18CSECABT/AZ;3732
AR24CSECABT/AZ;SAMSUNG;24000;QUENTE/FRIO;SAMSUNG-WINDFREE-AI-BLACK-24000-QF;WindFree AI Black;220V;AR24CSECABT/AZ;3168
AR12DXFAAWKNAZ;SAMSUNG;12000;QUENTE/FRIO;SAMSUNG-WINDFREE-AI-PRO-12000-QF;WindFree AI Pro;220V;AR12DXFAAWKNAZ;813
AR12CVFAMWK/AZ;SAMSUNG;12000;FRIO;SAMSUNG-WINDFREE-CONNECT-AI-12000-F;WindFree Connect AI;220V;AR12CVFAMWK/AZ;1445
AR18DYFABWKNAZ;SAMSUNG;18000;FRIO;SAMSUNG-WINDFREE-CONNECT-AI-18000-F;WindFree Connect AI;220V;AR18DYFABWKNAZ;1213
AR18BSEAAWK/AZ;SAMSUNG;18000;QUENTE/FRIO;SAMSUNG-WINDFREE-CONNECT-AI-18000-QF;WindFree Connect AI;220V;AR18BSEAAWK/AZ;2004
AR24BVFAAWK/AZ;SAMSUNG;22000;FRIO;SAMSUNG-WINDFREE-CONNECT-AI-22000-F;WindFree Connect AI;220V;AR24BVFAAWK/AZ;2518
AR24BSEAAWK/AZ;SAMSUNG;22000;QUENTE/FRIO;SAMSUNG-WINDFREE-CONNECT-AI-22000-QF;WindFree Connect AI;220V;AR24BSEAAWK/AZ;758
AR09CVFAMWK/AZ;SAMSUNG;9000;FRIO;SAMSUNG-WINDFREE-CONNECT-AI-9000-F;WindFree Connect AI;220V;AR09CVFAMWK/AZ;980
TAC-18CSA2-INV;TCL;18000;FRIO;;;220V;TAC-18CSA2-INV;143
TAC-22CSA2;TCL;22000;FRIO;TCL-ELITE-22000-F;Elite;220V;TAC-22CSA2;3948
TAC12CSG;TCL;12000;FRIO;TCL-ELITE-GV-12000-F;Elite GV;220V;TAC12CSG;2841
TAC-12CGV-INV;TCL;12000;FRIO;TCL-ELITE-GV-12000-F;Elite GV;220V;TAC12CSG;1465
TAC-09CSGV-INV;TCL;9000;FRIO;TCL-ELITE-GV-9000-F;Elite GV;220V;TAC-09CSGV-INV;2702
TAC-12CFG3W-INV;TCL;12000;FRIO;TCL-FRESHIN-3-0-12000-F;FreshIN 3.0;220V;TAC-12CFG3W-INV;225
TAC-18CFG3W-INV;TCL;18000;FRIO;TCL-FRESHIN-3-0-18000-F;FreshIN 3.0;220V;TAC-18CFG3W-INV;343
TAC-18CFG3B-INV;TCL;18000;FRIO;TCL-FRESHIN-3-0-BLACK-18000-F;FreshIN 3.0 Black;220V;TAC-18CFG3B-INV;298
TAC-12CSA1;TCL;12000;FRIO;TCL-SERIE-A1-12000-F;Serie A1;220V;TAC-12CSA1;7015
TAC-18CSA1;TCL;18000;FRIO;TCL-SERIE-A1-18000-F;Serie A1;220V;TAC-18CSA1;3777
TAC-09CTG1;TCL;9000;FRIO;TCL-SERIE-A1-9000-F;Serie A1;220V;TAC-09CSA1;892
TAC-09CSA1;TCL;9000;FRIO;TCL-SERIE-A1-9000-F;Serie A1;220V;TAC-09CSA1;5141
TAC-09CSA2;TCL;9000;FRIO;TCL-SERIE-A1-9000-F;Serie A1;110V;TAC-09CSA2;774
TAC-12CTG2-INV;TCL;12000;FRIO;TCL-T-PRO-2-0-12000-F;T-Pro 2.0;220V;TAC-12CTG2-INV;2408
TAC-12CHTG2;TCL;12000;QUENTE/FRIO;TCL-T-PRO-2-0-12000-QF;T-Pro 2.0;220V;TAC-12CHTG2;2966
TAC-18CTG2-INV;TCL;18000;FRIO;TCL-T-PRO-2-0-18000-F;T-Pro 2.0;220V;TAC-18CTG2-INV;4673
TAC-18CHTG2;TCL;18000;QUENTE/FRIO;TCL-T-PRO-2-0-18000-QF;T-Pro 2.0;220V;TAC-18CHTG2;5173
TAC-24CTG2-INV;TCL;24000;FRIO;TCL-T-PRO-2-0-24000-F;T-Pro 2.0;220V;TAC-24CTG2-INV;5242
TAC-24CHTG1;TCL;24000;QUENTE/FRIO;TCL-T-PRO-2-0-24000-QF;T-Pro 2.0;220V;TAC-24CHTG2;1684
TAC-24CHTG2;TCL;24000;QUENTE/FRIO;TCL-T-PRO-2-0-24000-QF;T-Pro 2.0;220V;TAC-24CHTG2;3732
TAC-24CTG1;TCL;24000;QUENTE/FRIO;TCL-T-PRO-2-0-24000-QF;T-Pro 2.0;;TAC-24CHTG2;238
TAC-09CTG2-INV;TCL;9000;FRIO;TCL-T-PRO-2-0-9000-F;T-Pro 2.0;220V;TAC-09CTG2-INV;6679
TAC-09CHTG2;TCL;9000;QUENTE/FRIO;TCL-T-PRO-2-0-9000-QF;T-Pro 2.0;220V;TAC-09CHTG2;7642
